{"country": "Cuba",
  "states":[
  {
    "state": "Pinar del Río",
    "cities": [
      "Pinar del Río",
      "Consolación del Sur",
      "Guane",
      "La Palma",
      "Los Palacios",
      "Mantua",
      "Minas de Matahambre",
      "San Juan y Martínez",
      "San Luis",
      "Sandino",
      "Viñales"
    ]
  },
  {
    "state": "Artemisa",
    "cities": [
      "Artemisa",
      "Alquízar",
      "Bauta",
      "Caimito",
      "Guanajay",
      "Güira de Melena",
      "Mariel",
      "San Antonio de los Baños",
      "Bahía Honda",
      "Candelaria",
      "San Cristóbal"
    ]
  },
  {
    "state": "Mayabeque",
    "cities": [
      "San José de las Lajas",
      "Batabanó",
      "Bejucal",
      "Güines",
      "Jaruco",
      "Madruga",
      "Melena del Sur",
      "Nueva Paz",
      "Quivicán",
      "San Nicolás de Bari",
      "Santa Cruz del Norte"
    ]
  },
  {
    "state": "La Habana",
    "cities": [
      "La Habana (Havana)"
    ]
  },
  {
    "state": "Matanzas",
    "cities": [
      "Matanzas",
      "Calimete",
      "Cárdenas",
      "Ciénaga de Zapata",
      "Colón",
      "Jagüey Grande",
      "Jovellanos",
      "Limonar",
      "Los Arabos",
      "Martí",
      "Pedro Betancourt",
      "Perico",
      "Unión de Reyes"
    ]
  },
  {
    "state": "Cienfuegos",
    "cities": [
      "Cienfuegos",
      "Abreus",
      "Aguada de Pasajeros",
      "Cruces",
      "Cumanayagua",
      "Lajas",
      "Palmira",
      "Rodas"
    ]
  },
  {
    "state": "Villa Clara",
    "cities": [
      "Santa Clara",
      "Caibarién",
      "Camajuaní",
      "Cifuentes",
      "Corralillo",
      "Encrucijada",
      "Manicaragua",
      "Placetas",
      "Quemado de Güines",
      "Ranchuelo",
      "Remedios",
      "Sagua la Grande",
      "Santo Domingo"
    ]
  },
  {
    "state": "Sancti Spíritus",
    "cities": [
      "Sancti Spíritus",
      "Cabaiguán",
      "Fomento",
      "Jatibonico",
      "La Sierpe",
      "Taguasco",
      "Trinidad",
      "Yaguajay"
    ]
  },
  {
    "state": "Ciego de Ávila",
    "cities": [
      "Ciego de Ávila",
      "Baraguá",
      "Bolivia",
      "Chambas",
      "Ciro Redondo",
      "Florencia",
      "Majagua",
      "Morón",
      "Primero de Enero",
      "Venezuela"
    ]
  },
  {
    "state": "Camagüey",
    "cities": [
      "Camagüey",
      "Carlos Manuel de Céspedes",
      "Esmeralda",
      "Florida",
      "Guaimaro",
      "Jimaguayú",
      "Minas",
      "Najasa",
      "Nuevitas",
      "Santa Cruz del Sur",
      "Sibanicú",
      "Sierra de Cubitas",
      "Vertientes"
    ]
  },
  {
    "state": "Las Tunas",
    "cities": [
      "Las Tunas",
      "Amancio",
      "Colombia",
      "Jesús Menéndez",
      "Jobabo",
      "Majibacoa",
      "Manatí",
      "Puerto Padre"
    ]
  },
  {
    "state": "Holguín",
    "cities": [
      "Holguín",
      "Antilla",
      "Báguanos",
      "Banes",
      "Cacocum",
      "Calixto García",
      "Cueto",
      "Frank País",
      "Gibara",
      "Mayarí",
      "Moa",
      "Rafael Freyre",
      "Sagua de Tánamo",
      "Urbano Noris"
    ]
  },
  {
    "state": "Granma",
    "cities": [
      "Bayamo",
      "Bartolomé Masó",
      "Buey Arriba",
      "Campechuela",
      "Cauto Cristo",
      "Guisa",
      "Jiguaní",
      "Manzanillo",
      "Media Luna",
      "Niquero",
      "Pilón",
      "Río Cauto",
      "Yara"
    ]
  },
  {
    "state": "Santiago de Cuba",
    "cities": [
      "Santiago de Cuba",
      "Contramaestre",
      "Guamá",
      "Mella",
      "Palma Soriano",
      "San Luis",
      "Segundo Frente",
      "Songo-La Maya",
      "Tercer Frente"
    ]
  },
  {
    "state": "Guantánamo",
    "cities": [
      "Guantánamo",
      "Baracoa",
      "Caimanera",
      "El Salvador",
      "Imías",
      "Maisí",
      "Manuel Tames",
      "Niceto Pérez",
      "San Antonio del Sur",
      "Yateras"
    ]
  },
  {
    "state": "Isla de la Juventud",
    "cities": [
      "Nueva Gerona"
    ]
  }
]}