{
  "country": "Guatemala",
  "states":[
  {
    "state": "Alta Verapaz",
    "cities": [
      "Cobán",
      "Chahal",
      "Chisec",
      "Fray Bartolomé de las Casas",
      "Lanquín",
      "Panzós",
      "Raxruhá",
      "San Cristóbal Verapaz",
      "San Juan Chamelco",
      "San Pedro Carchá",
      "Santa Cruz Verapaz",
      "Santa María Cahabón",
      "Senahú",
      "Tactic",
      "Tamahú",
      "Tucurú"
    ]
  },
  {
    "state": "Baja Verapaz",
    "cities": [
      "Salamá",
      "Cubulco",
      "Granados",
      "Purulhá",
      "Rabinal",
      "San Jerónimo",
      "San Miguel Chicaj"
    ]
  },
  {
    "state": "Chimaltenango",
    "cities": [
      "Chimaltenango",
      "Acatenango",
      "San Andrés Itzapa",
      "Comalapa",
      "El Tejar",
      "Parramos",
      "Patzicía",
      "Patzún",
      "Pochuta",
      "San José Poaquil",
      "San Martín Jilotepeque",
      "Santa Apolonia",
      "Santa Cruz Balanyá",
      "Tecpán Guatemala",
      "Yepocapa",
      "Zaragoza"
    ]
  },
  {
    "state": "Chiquimula",
    "cities": [
      "Chiquimula",
      "Camotán",
      "Concepción Las Minas",
      "Esquipulas",
      "Ipala",
      "Jocotán",
      "Olopa",
      "Quezaltepeque",
      "San Jacinto",
      "San José La Arada",
      "San Juan Ermita"
    ]
  },
  {
    "state": "El Progreso",
    "cities": [
      "Guastatoya",
      "El Jícaro",
      "Morazán",
      "San Agustín Acasaguastlán",
      "San Antonio La Paz",
      "San Cristóbal Acasaguastlán",
      "Sanarate",
      "Sansare"
    ]
  },
  {
    "state": "Escuintla",
    "cities": [
      "Escuintla",
      "Guanagazapa",
      "Iztapa",
      "La Democracia",
      "La Gomera",
      "Masagua",
      "Nueva Concepción",
      "Palín",
      "San José",
      "San Vicente Pacaya",
      "Santa Lucía Cotzumalguapa",
      "Siquinalá",
      "Tiquisate"
    ]
  },
  {
    "state": "Guatemala",
    "cities": [
      "Guatemala City",
      "Amatitlán",
      "Chinautla",
      "Chuarrancho",
      "Fraijanes",
      "Mixco",
      "Palencia",
      "San José del Golfo",
      "San José Pinula",
      "San Juan Sacatepéquez",
      "San Miguel Petapa",
      "San Pedro Ayampuc",
      "San Pedro Sacatepéquez",
      "San Raymundo",
      "Santa Catarina Pinula",
      "Villa Canales",
      "Villa Nueva"
    ]
  },
  {
    "state": "Huehuetenango",
    "cities": [
      "Huehuetenango",
      "Aguacatán",
      "Chiantla",
      "Colotenango",
      "Concepción Huista",
      "Cuilco",
      "Jacaltenango",
      "La Democracia",
      "La Libertad",
      "Malacatancito",
      "Nentón",
      "San Antonio Huista",
      "San Gaspar Ixchil",
      "San Ildefonso Ixtahuacán",
      "San Juan Atitán",
      "San Juan Ixcoy",
      "San Mateo Ixtatán",
      "San Miguel Acatán",
      "San Pedro Necta",
      "San Rafael La Independencia",
      "San Rafael Petzal",
      "San Sebastián Coatán",
      "San Sebastián Huehuetenango",
      "Santa Ana Huista",
      "Santa Bárbara",
      "Santa Cruz Barillas",
      "Santa Eulalia",
      "Santiago Chimaltenango",
      "Soloma",
      "Tectitán",
      "Todos Santos Cuchumatán",
      "Unión Cantinil"
    ]
  },
  {
    "state": "Izabal",
    "cities": [
      "Puerto Barrios",
      "El Estor",
      "Livingston",
      "Los Amates",
      "Morales"
    ]
  },
  {
    "state": "Jalapa",
    "cities": [
      "Jalapa",
      "Mataquescuintla",
      "Monjas",
      "San Carlos Alzatate",
      "San Luis Jilotepeque",
      "San Manuel Chaparrón",
      "San Pedro Pinula"
    ]
  },
  {
    "state": "Jutiapa",
    "cities": [
      "Jutiapa",
      "Agua Blanca",
      "Asunción Mita",
      "Atescatempa",
      "Comapa",
      "Conguaco",
      "El Adelanto",
      "Jalpatagua",
      "Jeréz",
      "Moyuta",
      "Pasaco",
      "Quesada",
      "San José Acatempa",
      "Santa Catarina Mita",
      "Yupiltepeque",
      "Zapotitlán"
    ]
  },
  {
    "state": "Petén",
    "cities": [
      "Flores",
      "Dolores",
      "La Libertad",
      "Las Cruces",
      "Melchor de Mencos",
      "Poptún",
      "San Andrés",
      "San Benito",
      "San Francisco",
      "San José",
      "San Luis",
      "Santa Ana",
      "Sayaxché"
    ]
  },
  {
    "state": "Quetzaltenango",
    "cities": [
      "Quetzaltenango",
      "Almolonga",
      "Cabricán",
      "Cajolá",
      "Cantel",
      "Coatepeque",
      "Colomba Costa Cuca",
      "Concepción Chiquirichapa",
      "El Palmar",
      "Flores Costa Cuca",
      "Génova",
      "Huitán",
      "La Esperanza",
      "Olintepeque",
      "Palestina de Los Altos",
      "Salcajá",
      "San Carlos Sija",
      "San Francisco La Unión",
      "San Juan Ostuncalco",
      "San Martín Sacatepéquez",
      "San Mateo",
      "San Miguel Sigüilá",
      "Sibilia",
      "Zunil"
    ]
  },
  {
    "state": "Quiché",
    "cities": [
      "Santa Cruz del Quiché",
      "Canillá",
      "Chajul",
      "Chicamán",
      "Chiché",
      "Chinique",
      "Cunén",
      "Joyabaj",
      "Nebaj",
      "Pachalum",
      "Patzité",
      "Sacapulas",
      "San Andrés Sajcabajá",
      "San Antonio Ilotenango",
      "San Bartolomé Jocotenango",
      "San Juan Cotzal",
      "San Pedro Jocopilas",
      "Uspantán",
      "Zacualpa"
    ]
  },
  {
    "state": "Retalhuleu",
    "cities": [
      "Retalhuleu",
      "Champerico",
      "El Asintal",
      "Nuevo San Carlos",
      "San Andrés Villa Seca",
      "San Felipe",
      "San Martín Zapotitlán",
      "San Sebastián",
      "Santa Cruz Muluá"
    ]
  },
  {
    "state": "Sacatepéquez",
    "cities": [
      "Antigua Guatemala",
      "Alotenango",
      "Ciudad Vieja",
      "Jocotenango",
      "Magdalena Milpas Altas",
      "Pastores",
      "San Antonio Aguas Calientes",
      "San Bartolomé Milpas Altas",
      "San Lucas Sacatepéquez",
      "San Miguel Dueñas",
      "Santa Catarina Barahona",
      "Santa Lucía Milpas Altas",
      "Santa María de Jesús",
      "Santiago Sacatepéquez",
      "Santo Domingo Xenacoj",
      "Sumpango"
    ]
  },
  {
    "state": "San Marcos",
    "cities": [
      "San Marcos",
      "Ayutla",
      "Catarina",
      "Comitancillo",
      "Concepción Tutuapa",
      "El Quetzal",
      "El Rodeo",
      "El Tumbador",
      "Ixchiguán",
      "La Reforma",
      "Malacatán",
      "Nuevo Progreso",
      "Ocós",
      "Pajapita",
      "Río Blanco",
      "San Antonio Sacatepéquez",
      "San Cristóbal Cucho",
      "San José El Rodeo",
      "San José Ojetenam",
      "San Lorenzo",
      "San Miguel Ixtahuacán",
      "San Pablo",
      "San Pedro Sacatepéquez",
      "San Rafael Pie de la Cuesta",
      "Sibinal",
      "Sipacapa",
      "Tacaná",
      "Tajumulco",
      "Tejutla"
    ]
  },
  {
    "state": "Santa Rosa",
    "cities": [
      "Cuilapa",
      "Barberena",
      "Casillas",
      "Chiquimulilla",
      "Guazacapán",
      "Nueva Santa Rosa",
      "Oratorio",
      "Pueblo Nuevo Viñas",
      "San Juan Tecuaco",
      "San Rafael Las Flores",
      "Santa Cruz Naranjo",
      "Santa María Ixhuatán",
      "Santa Rosa de Lima",
      "Taxisco"
    ]
  },
  {
    "state": "Sololá",
    "cities": [
      "Sololá",
      "Concepción",
      "Nahualá",
      "Panajachel",
      "San Andrés Semetabaj",
      "San Antonio Palopó",
      "San José Chacayá",
      "San Juan La Laguna",
      "San Lucas Tolimán",
      "San Marcos La Laguna",
      "San Pablo La Laguna",
      "San Pedro La Laguna",
      "Santa Catarina Ixtahuacán",
      "Santa Catarina Palopó",
      "Santa Clara La Laguna",
      "Santa Cruz La Laguna",
      "Santa Lucía Utatlán",
      "Santa María Visitación",
      "Santiago Atitlán"
    ]
  },
  {
    "state": "Suchitepéquez",
    "cities": [
      "Mazatenango",
      "Chicacao",
      "Cuyotenango",
      "Patulul",
      "Pueblo Nuevo",
      "Río Bravo",
      "Samayac",
      "San Antonio Suchitepéquez",
      "San Bernardino",
      "San Francisco Zapotitlán",
      "San Gabriel",
      "San José El Ídolo",
      "San José La Máquina",
      "San Juan Bautista",
      "San Lorenzo",
      "San Miguel Panán",
      "San Pablo Jocopilas",
      "Santa Bárbara",
      "Santo Domingo Suchitepéquez",
      "Santo Tomás La Unión",
      "Zunilito"
    ]
  },
  {
    "state": "Totonicapán",
    "cities": [
      "Totonicapán",
      "Momostenango",
      "San Andrés Xecul",
      "San Bartolo",
      "San Cristóbal Totonicapán",
      "San Francisco El Alto",
      "Santa Lucía La Reforma",
      "Santa María Chiquimula"
    ]
  },
  {
    "state": "Zacapa",
    "cities": [
      "Zacapa",
      "Cabañas",
      "Estanzuela",
      "Gualán",
      "Huité",
      "La Unión",
      "Río Hondo",
      "San Diego",
      "San Jorge",
      "Teculután",
      "Usumatlán"
    ]
  }
]}